project_id,project_title,pdf_pages,asset_index,asset_id,zip_path,format,width,height,bytes,recommended_usage,confidence,reason,preview_file
profile,Roy Xiang Profile,[3],16,8cb5304fbf61be0d88bfd307d53e60bb0cb5d2ad,images/8cb5304fbf61be0d88bfd307d53e60bb0cb5d2ad,JPEG,3132,3920,8839992,cover,high,Portrait photo matches PDF page 3 profile section.,recommended_assets/profile__cover__asset016__8cb5304fbf.jpg
gtm_hr_gen_ai_linkedin,HR Gen-AI Visual LinkedIn Project,[5],1,3ec50caba7236ed17cf72f61661caefb3fcc1b5a,images/3ec50caba7236ed17cf72f61661caefb3fcc1b5a,GIF,1920,1080,98885290,cover,high,Recruitment/HIRING layouts and worker imagery match PDF page 5 LinkedIn HR Gen-AI visuals.,recommended_assets/gtm_hr_gen_ai_linkedin__cover__asset001__3ec50caba7.jpg
gtm_hr_gen_ai_linkedin,HR Gen-AI Visual LinkedIn Project,[5],2,16fe5fd7854202ec3313342e7426dc2ef5bd8fdf,images/16fe5fd7854202ec3313342e7426dc2ef5bd8fdf,GIF,1280,725,53139020,gallery,high,Recruitment/HIRING layouts and worker imagery match PDF page 5 LinkedIn HR Gen-AI visuals.,recommended_assets/gtm_hr_gen_ai_linkedin__gallery__asset002__16fe5fd785.jpg
gtm_hr_gen_ai_linkedin,HR Gen-AI Visual LinkedIn Project,[5],3,dca2e63334fc42f0ced72d7138263c89ab53646c,images/dca2e63334fc42f0ced72d7138263c89ab53646c,GIF,1280,725,48342892,gallery,high,Recruitment/HIRING layouts and worker imagery match PDF page 5 LinkedIn HR Gen-AI visuals.,recommended_assets/gtm_hr_gen_ai_linkedin__gallery__asset003__dca2e63334.jpg
gtm_hr_gen_ai_linkedin,HR Gen-AI Visual LinkedIn Project,[5],4,5c71991f5a4f6b01660695db9dc1520aab5f0997,images/5c71991f5a4f6b01660695db9dc1520aab5f0997,GIF,800,453,34578753,gallery,high,Recruitment/HIRING layouts and worker imagery match PDF page 5 LinkedIn HR Gen-AI visuals.,recommended_assets/gtm_hr_gen_ai_linkedin__gallery__asset004__5c71991f5a.jpg
gtm_hr_gen_ai_linkedin,HR Gen-AI Visual LinkedIn Project,[5],35,1a889d029e0ab5795dae7ffebcdad36f9b1b02c5,images/1a889d029e0ab5795dae7ffebcdad36f9b1b02c5,PNG,1920,1080,2088729,gallery,high,Recruitment/HIRING layouts and worker imagery match PDF page 5 LinkedIn HR Gen-AI visuals.,recommended_assets/gtm_hr_gen_ai_linkedin__gallery__asset035__1a889d029e.jpg
gtm_hr_gen_ai_linkedin,HR Gen-AI Visual LinkedIn Project,[5],62,5fe2c39a2f4aef38562a65f5175180edfe6dcb65,images/5fe2c39a2f4aef38562a65f5175180edfe6dcb65,PNG,1280,725,964445,gallery,high,Recruitment/HIRING layouts and worker imagery match PDF page 5 LinkedIn HR Gen-AI visuals.,recommended_assets/gtm_hr_gen_ai_linkedin__gallery__asset062__5fe2c39a2f.jpg
gtm_hr_gen_ai_linkedin,HR Gen-AI Visual LinkedIn Project,[5],70,c59ff0d431fe0460731828f8f5ee5ca98ad43e97,images/c59ff0d431fe0460731828f8f5ee5ca98ad43e97,PNG,1280,725,742967,gallery,high,Recruitment/HIRING layouts and worker imagery match PDF page 5 LinkedIn HR Gen-AI visuals.,recommended_assets/gtm_hr_gen_ai_linkedin__gallery__asset070__c59ff0d431.jpg
gtm_hr_gen_ai_linkedin,HR Gen-AI Visual LinkedIn Project,[5],87,3298f2d10a5f362f3a8fb271295debbd644bba31,images/3298f2d10a5f362f3a8fb271295debbd644bba31,PNG,800,453,359090,gallery,high,Recruitment/HIRING layouts and worker imagery match PDF page 5 LinkedIn HR Gen-AI visuals.,recommended_assets/gtm_hr_gen_ai_linkedin__gallery__asset087__3298f2d10a.jpg
gtm_hr_gen_ai_linkedin,HR Gen-AI Visual LinkedIn Project,[5],100,9fbd16ccd44267960a231ef6063275c000a2f14b,images/9fbd16ccd44267960a231ef6063275c000a2f14b,PNG,480,270,219443,gallery,high,Recruitment/HIRING layouts and worker imagery match PDF page 5 LinkedIn HR Gen-AI visuals.,recommended_assets/gtm_hr_gen_ai_linkedin__gallery__asset100__9fbd16ccd4.jpg
gtm_hr_gen_ai_linkedin,HR Gen-AI Visual LinkedIn Project,[5],115,abd29642dad0dc26042ce224844912ee2e3d7cd6,images/abd29642dad0dc26042ce224844912ee2e3d7cd6,PNG,400,227,156960,gallery,high,Recruitment/HIRING layouts and worker imagery match PDF page 5 LinkedIn HR Gen-AI visuals.,recommended_assets/gtm_hr_gen_ai_linkedin__gallery__asset115__abd29642da.jpg
gtm_hr_gen_ai_linkedin,HR Gen-AI Visual LinkedIn Project,[5],156,46bae0ce0c4a43605cb88145741af82685c76014,images/46bae0ce0c4a43605cb88145741af82685c76014,PNG,320,182,98288,gallery,high,Recruitment/HIRING layouts and worker imagery match PDF page 5 LinkedIn HR Gen-AI visuals.,recommended_assets/gtm_hr_gen_ai_linkedin__gallery__asset156__46bae0ce0c.jpg
gtm_hr_gen_ai_linkedin,HR Gen-AI Visual LinkedIn Project,[5],163,42bbbb6ceceeaaa919a15e7bceb3d90547f893df,images/42bbbb6ceceeaaa919a15e7bceb3d90547f893df,PNG,320,182,88174,gallery,high,Recruitment/HIRING layouts and worker imagery match PDF page 5 LinkedIn HR Gen-AI visuals.,recommended_assets/gtm_hr_gen_ai_linkedin__gallery__asset163__42bbbb6cec.jpg
gtm_linkedin_creative_videos,LinkedIn Creative Videos,[6],26,b0a9ec6077d91fab954e34cd3d73410d929f2b8d,images/b0a9ec6077d91fab954e34cd3d73410d929f2b8d,PNG,1030,4096,3346828,cover,high,"LinkedIn post screenshots, Dubai/ADIPEC video posts, and cinematic video stills match PDF page 6 creative video examples.",recommended_assets/gtm_linkedin_creative_videos__cover__asset026__b0a9ec6077.jpg
gtm_linkedin_creative_videos,LinkedIn Creative Videos,[6],34,1be755256ded9e751e86cb9b8775e357f8497fe2,images/1be755256ded9e751e86cb9b8775e357f8497fe2,PNG,1920,1080,2163300,gallery,high,"LinkedIn post screenshots, Dubai/ADIPEC video posts, and cinematic video stills match PDF page 6 creative video examples.",recommended_assets/gtm_linkedin_creative_videos__gallery__asset034__1be755256d.jpg
gtm_linkedin_creative_videos,LinkedIn Creative Videos,[6],57,2677573a899120b63747efab04ef5ca34d672b0f,images/2677573a899120b63747efab04ef5ca34d672b0f,PNG,1142,1082,1063772,gallery,high,"LinkedIn post screenshots, Dubai/ADIPEC video posts, and cinematic video stills match PDF page 6 creative video examples.",recommended_assets/gtm_linkedin_creative_videos__gallery__asset057__2677573a89.jpg
gtm_linkedin_creative_videos,LinkedIn Creative Videos,[6],63,93d599265b375e21803d08a06173471632af2e87,images/93d599265b375e21803d08a06173471632af2e87,PNG,1080,1920,930548,gallery,high,"LinkedIn post screenshots, Dubai/ADIPEC video posts, and cinematic video stills match PDF page 6 creative video examples.",recommended_assets/gtm_linkedin_creative_videos__gallery__asset063__93d599265b.jpg
gtm_linkedin_creative_videos,LinkedIn Creative Videos,[6],108,a5e91795e8e0d14e551e2a186b8840e220368573,images/a5e91795e8e0d14e551e2a186b8840e220368573,PNG,480,270,186834,gallery,high,"LinkedIn post screenshots, Dubai/ADIPEC video posts, and cinematic video stills match PDF page 6 creative video examples.",recommended_assets/gtm_linkedin_creative_videos__gallery__asset108__a5e91795e8.jpg
gtm_linkedin_creative_videos,LinkedIn Creative Videos,[6],131,ab5d3f7ac76ae117c6802c6aa5cab12ead4f631a,images/ab5d3f7ac76ae117c6802c6aa5cab12ead4f631a,PNG,270,480,124146,gallery,high,"LinkedIn post screenshots, Dubai/ADIPEC video posts, and cinematic video stills match PDF page 6 creative video examples.",recommended_assets/gtm_linkedin_creative_videos__gallery__asset131__ab5d3f7ac7.jpg
gtm_linkedin_creative_videos,LinkedIn Creative Videos,[6],155,4e9ba3dfa8be5cfb07571ed1c9c08ea6a75c9199,images/4e9ba3dfa8be5cfb07571ed1c9c08ea6a75c9199,PNG,246,512,100756,gallery,high,"LinkedIn post screenshots, Dubai/ADIPEC video posts, and cinematic video stills match PDF page 6 creative video examples.",recommended_assets/gtm_linkedin_creative_videos__gallery__asset155__4e9ba3dfa8.jpg
gtm_linkedin_creative_videos,LinkedIn Creative Videos,[6],47,d15fe79e7178671752761a0041d8495f915768c9,images/d15fe79e7178671752761a0041d8495f915768c9,PNG,2012,1090,1351944,secondary,medium,"LinkedIn post screenshots, Dubai/ADIPEC video posts, and cinematic video stills match PDF page 6 creative video examples.",recommended_assets/gtm_linkedin_creative_videos__secondary__asset047__d15fe79e71.jpg
gtm_adipec_exhibition,ADIPEC Exhibition,[7],31,ac1224b87f2ffeb9dfadd4d132f2a9dedc2faba8,images/ac1224b87f2ffeb9dfadd4d132f2a9dedc2faba8,PNG,1702,1126,2647665,cover,high,ADIPEC booth render and LinkedIn event posts match PDF page 7 exhibition case.,recommended_assets/gtm_adipec_exhibition__cover__asset031__ac1224b87f.jpg
gtm_adipec_exhibition,ADIPEC Exhibition,[7],52,6977ea1d50e490c40accb9b527d3d8e2e22b421e,images/6977ea1d50e490c40accb9b527d3d8e2e22b421e,PNG,1126,1076,1211997,gallery,high,ADIPEC booth render and LinkedIn event posts match PDF page 7 exhibition case.,recommended_assets/gtm_adipec_exhibition__gallery__asset052__6977ea1d50.jpg
gtm_adipec_exhibition,ADIPEC Exhibition,[7],58,785f4377d8b0a0b5d1a0ad25dbac404177bd9000,images/785f4377d8b0a0b5d1a0ad25dbac404177bd9000,PNG,1158,1076,1049998,gallery,high,ADIPEC booth render and LinkedIn event posts match PDF page 7 exhibition case.,recommended_assets/gtm_adipec_exhibition__gallery__asset058__785f4377d8.jpg
gtm_adipec_exhibition,ADIPEC Exhibition,[7],102,2f5e95a4d4a0f68b74f98ca7a1af72710a1472db,images/2f5e95a4d4a0f68b74f98ca7a1af72710a1472db,PNG,426,282,210532,gallery,high,ADIPEC booth render and LinkedIn event posts match PDF page 7 exhibition case.,recommended_assets/gtm_adipec_exhibition__gallery__asset102__2f5e95a4d4.jpg
gtm_adipec_exhibition,ADIPEC Exhibition,[7],129,a86115b6d732d7455a4c92cfbaacfc2941a1f1d4,images/a86115b6d732d7455a4c92cfbaacfc2941a1f1d4,PNG,282,269,126121,gallery,high,ADIPEC booth render and LinkedIn event posts match PDF page 7 exhibition case.,recommended_assets/gtm_adipec_exhibition__gallery__asset129__a86115b6d7.jpg
gtm_adipec_exhibition,ADIPEC Exhibition,[7],137,2063321bc1b6ba13ff1502b1abd5331652aa2f34,images/2063321bc1b6ba13ff1502b1abd5331652aa2f34,PNG,290,269,120035,gallery,high,ADIPEC booth render and LinkedIn event posts match PDF page 7 exhibition case.,recommended_assets/gtm_adipec_exhibition__gallery__asset137__2063321bc1.jpg
gtm_csr_gen_ai,CSR Gen-AI Project,[8],27,fb634db6bd1a2489fdd31a00e1cc6c6c51f7b6ea,images/fb634db6bd1a2489fdd31a00e1cc6c6c51f7b6ea,PNG,4096,2731,3303066,cover,high,"Safety cards, child/dog imagery, and family safety illustration match PDF page 8 CSR Gen-AI HSE card workflow.",recommended_assets/gtm_csr_gen_ai__cover__asset027__fb634db6bd.jpg
gtm_csr_gen_ai,CSR Gen-AI Project,[8],36,a60107df8eceff92a4eb02fde8b3c4003a55fc32,images/a60107df8eceff92a4eb02fde8b3c4003a55fc32,PNG,1024,1024,2011402,gallery,high,"Safety cards, child/dog imagery, and family safety illustration match PDF page 8 CSR Gen-AI HSE card workflow.",recommended_assets/gtm_csr_gen_ai__gallery__asset036__a60107df8e.jpg
gtm_csr_gen_ai,CSR Gen-AI Project,[8],55,e93724d14b3f4b094a71cbf2c3de4cb281646ce5,images/e93724d14b3f4b094a71cbf2c3de4cb281646ce5,PNG,1024,576,1082632,gallery,high,"Safety cards, child/dog imagery, and family safety illustration match PDF page 8 CSR Gen-AI HSE card workflow.",recommended_assets/gtm_csr_gen_ai__gallery__asset055__e93724d14b.jpg
gtm_csr_gen_ai,CSR Gen-AI Project,[8],73,4507018995b4544488f67509c2b825228566cf58,images/4507018995b4544488f67509c2b825228566cf58,PNG,512,512,606040,gallery,high,"Safety cards, child/dog imagery, and family safety illustration match PDF page 8 CSR Gen-AI HSE card workflow.",recommended_assets/gtm_csr_gen_ai__gallery__asset073__4507018995.jpg
gtm_csr_gen_ai,CSR Gen-AI Project,[8],77,3fab820d786ff4a98825dc0143fdd1d518cf8d4a,images/3fab820d786ff4a98825dc0143fdd1d518cf8d4a,PNG,1662,1250,464157,gallery,high,"Safety cards, child/dog imagery, and family safety illustration match PDF page 8 CSR Gen-AI HSE card workflow.",recommended_assets/gtm_csr_gen_ai__gallery__asset077__3fab820d78.jpg
gtm_csr_gen_ai,CSR Gen-AI Project,[8],90,020a5c27d71fc3ebada80655ba13c59be95c3ebc,images/020a5c27d71fc3ebada80655ba13c59be95c3ebc,PNG,512,288,346457,gallery,high,"Safety cards, child/dog imagery, and family safety illustration match PDF page 8 CSR Gen-AI HSE card workflow.",recommended_assets/gtm_csr_gen_ai__gallery__asset090__020a5c27d7.jpg
gtm_csr_gen_ai,CSR Gen-AI Project,[8],142,a8d655dbbe4cbf0de6a7eb447f9c7971fec535f7,images/a8d655dbbe4cbf0de6a7eb447f9c7971fec535f7,PNG,304,220,114393,gallery,high,"Safety cards, child/dog imagery, and family safety illustration match PDF page 8 CSR Gen-AI HSE card workflow.",recommended_assets/gtm_csr_gen_ai__gallery__asset142__a8d655dbbe.jpg
gtm_csr_gen_ai,CSR Gen-AI Project,[8],169,4fdee3baae1e02b076532f28c2742566f2dedc80,images/4fdee3baae1e02b076532f28c2742566f2dedc80,PNG,416,313,75130,gallery,high,"Safety cards, child/dog imagery, and family safety illustration match PDF page 8 CSR Gen-AI HSE card workflow.",recommended_assets/gtm_csr_gen_ai__gallery__asset169__4fdee3baae.jpg
gtm_csr_gen_ai,CSR Gen-AI Project,[8],171,654eec17d908120684e2cdb099cf03c9134c41d7,images/654eec17d908120684e2cdb099cf03c9134c41d7,PNG,512,342,68353,gallery,high,"Safety cards, child/dog imagery, and family safety illustration match PDF page 8 CSR Gen-AI HSE card workflow.",recommended_assets/gtm_csr_gen_ai__gallery__asset171__654eec17d9.jpg
gtm_vivo_partnership,vivo 5-Year Strategic Partnership,[9],38,da540127e9ab5fb0f72b81fdb38dd9e7cbbe08ed,images/da540127e9ab5fb0f72b81fdb38dd9e7cbbe08ed,PNG,1242,1186,1689610,cover,high,Layered smartphone campaign collage matches PDF page 9 vivo partnership visual.,recommended_assets/gtm_vivo_partnership__cover__asset038__da540127e9.jpg
gtm_vivo_partnership,vivo 5-Year Strategic Partnership,[9],117,996964cd75b6d0cb8a92af3d652e0088bece4148,images/996964cd75b6d0cb8a92af3d652e0088bece4148,PNG,311,297,151357,gallery,high,Layered smartphone campaign collage matches PDF page 9 vivo partnership visual.,recommended_assets/gtm_vivo_partnership__gallery__asset117__996964cd75.jpg
gtm_vivo_partnership,vivo 5-Year Strategic Partnership,[9],139,e1e79bb15dc8130bbc412eecdc2361760465948f,images/e1e79bb15dc8130bbc412eecdc2361760465948f,PNG,262,336,118135,gallery,high,Layered smartphone campaign collage matches PDF page 9 vivo partnership visual.,recommended_assets/gtm_vivo_partnership__gallery__asset139__e1e79bb15d.jpg
gtm_oppo_find_n5,OPPO Find N5 Foldable Flagship,[10],80,b8a321e94e87135cdca467ace3d0e9c1e2889ae4,images/b8a321e94e87135cdca467ace3d0e9c1e2889ae4,PNG,639,1740,442994,cover,high,Foldable phone side-view render matches PDF page 10 Find N5 thinness positioning.,recommended_assets/gtm_oppo_find_n5__cover__asset080__b8a321e94e.jpg
gtm_oppo_find_n5,OPPO Find N5 Foldable Flagship,[10],182,ffc138de547713d141a47203a81984377abd05b9,images/ffc138de547713d141a47203a81984377abd05b9,PNG,160,435,42189,gallery,high,Foldable phone side-view render matches PDF page 10 Find N5 thinness positioning.,recommended_assets/gtm_oppo_find_n5__gallery__asset182__ffc138de54.jpg
gtm_douyin_iqoo_5g,Douyin (TikTok) Viral Challenge - iQOO 5G Launch,[11],9,6cc69a7a25f50c660ef7bf1bb2ecb0fc7aa5f80e,images/6cc69a7a25f50c660ef7bf1bb2ecb0fc7aa5f80e,PNG,1559,2777,14214446,cover,high,Dark Douyin/iQOO challenge mobile screenshots match PDF page 11 viral challenge case.,recommended_assets/gtm_douyin_iqoo_5g__cover__asset009__6cc69a7a25.jpg
gtm_douyin_iqoo_5g,Douyin (TikTok) Viral Challenge - iQOO 5G Launch,[11],11,0a271cf1e732738028f0baa9f225bbf07851ba67,images/0a271cf1e732738028f0baa9f225bbf07851ba67,PNG,1559,2777,13577968,gallery,high,Dark Douyin/iQOO challenge mobile screenshots match PDF page 11 viral challenge case.,recommended_assets/gtm_douyin_iqoo_5g__gallery__asset011__0a271cf1e7.jpg
gtm_douyin_iqoo_5g,Douyin (TikTok) Viral Challenge - iQOO 5G Launch,[11],23,bcc56385f695beb190935b1c3091b2a680962679,images/bcc56385f695beb190935b1c3091b2a680962679,PNG,1290,2796,3894963,gallery,high,Dark Douyin/iQOO challenge mobile screenshots match PDF page 11 viral challenge case.,recommended_assets/gtm_douyin_iqoo_5g__gallery__asset023__bcc56385f6.jpg
gtm_douyin_iqoo_5g,Douyin (TikTok) Viral Challenge - iQOO 5G Launch,[11],120,26469de937b409abe1233020a18a919dbe3ec29b,images/26469de937b409abe1233020a18a919dbe3ec29b,PNG,195,348,148082,gallery,high,Dark Douyin/iQOO challenge mobile screenshots match PDF page 11 viral challenge case.,recommended_assets/gtm_douyin_iqoo_5g__gallery__asset120__26469de937.jpg
gtm_douyin_iqoo_5g,Douyin (TikTok) Viral Challenge - iQOO 5G Launch,[11],122,13073d269e97108e24404b01f59ac7b44210ea71,images/13073d269e97108e24404b01f59ac7b44210ea71,PNG,195,348,141680,gallery,high,Dark Douyin/iQOO challenge mobile screenshots match PDF page 11 viral challenge case.,recommended_assets/gtm_douyin_iqoo_5g__gallery__asset122__13073d269e.jpg
gtm_douyin_iqoo_5g,Douyin (TikTok) Viral Challenge - iQOO 5G Launch,[11],124,99ded674b8edb12cc1e2ab350fb712256d81993b,images/99ded674b8edb12cc1e2ab350fb712256d81993b,PNG,162,350,135083,gallery,high,Dark Douyin/iQOO challenge mobile screenshots match PDF page 11 viral challenge case.,recommended_assets/gtm_douyin_iqoo_5g__gallery__asset124__99ded674b8.jpg
gtm_volvo_owned_platform,Volvo China - Branded Employee Engagement Platform,[12],85,45729db99c226679d4bfd455ce9909b20ded43fb,images/45729db99c226679d4bfd455ce9909b20ded43fb,PNG,552,432,390202,cover,high,Automotive/social platform collage and analytics screenshots match PDF page 12 Volvo platform operations case.,recommended_assets/gtm_volvo_owned_platform__cover__asset085__45729db99c.jpg
gtm_volvo_owned_platform,Volvo China - Branded Employee Engagement Platform,[12],159,d8e821e4e331aba8edf3e6b76b7cd283023988bc,images/d8e821e4e331aba8edf3e6b76b7cd283023988bc,PNG,496,432,93751,gallery,high,Automotive/social platform collage and analytics screenshots match PDF page 12 Volvo platform operations case.,recommended_assets/gtm_volvo_owned_platform__gallery__asset159__d8e821e4e3.jpg
gtm_volvo_owned_platform,Volvo China - Branded Employee Engagement Platform,[12],148,2face8f8c1b745f2ffc7a2be7a544f5bd399e6de,images/2face8f8c1b745f2ffc7a2be7a544f5bd399e6de,PNG,162,350,106262,gallery,high,Automotive/social platform collage and analytics screenshots match PDF page 12 Volvo platform operations case.,recommended_assets/gtm_volvo_owned_platform__gallery__asset148__2face8f8c1.jpg
gtm_volvo_owned_platform,Volvo China - Branded Employee Engagement Platform,[12],165,6c2d3f75b3047a270edbdd2a2002ad668e382a51,images/6c2d3f75b3047a270edbdd2a2002ad668e382a51,PNG,336,240,82706,gallery,high,Automotive/social platform collage and analytics screenshots match PDF page 12 Volvo platform operations case.,recommended_assets/gtm_volvo_owned_platform__gallery__asset165__6c2d3f75b3.jpg
gtm_volvo_owned_platform,Volvo China - Branded Employee Engagement Platform,[12],17,48f2d4aaebc4dfd18bb07b7a0b287872e5eb1dfd,images/48f2d4aaebc4dfd18bb07b7a0b287872e5eb1dfd,PNG,1290,2796,6942933,secondary,medium,Automotive/social platform collage and analytics screenshots match PDF page 12 Volvo platform operations case.,recommended_assets/gtm_volvo_owned_platform__secondary__asset017__48f2d4aaeb.jpg
gtm_volvo_owned_platform,Volvo China - Branded Employee Engagement Platform,[12],25,c4cb6d60bf1aaafc8a817797d29b641e2dcb5ecc,images/c4cb6d60bf1aaafc8a817797d29b641e2dcb5ecc,PNG,1290,2796,3349644,secondary,medium,Automotive/social platform collage and analytics screenshots match PDF page 12 Volvo platform operations case.,recommended_assets/gtm_volvo_owned_platform__secondary__asset025__c4cb6d60bf.jpg
gtm_cityu_dual_seo,City University of HK - Dual-Engine SEO,[13],68,abbf70aeb73d768f0c2607a8b447b9eb71166ae0,images/abbf70aeb73d768f0c2607a8b447b9eb71166ae0,PNG,2524,1420,779370,cover,high,SEO planning tables and content publishing sheets match PDF page 13 dual-engine SEO case.,recommended_assets/gtm_cityu_dual_seo__cover__asset068__abbf70aeb7.jpg
gtm_cityu_dual_seo,City University of HK - Dual-Engine SEO,[13],78,fafd6636fc9ef951e0afb339cbab728997e6071a,images/fafd6636fc9ef951e0afb339cbab728997e6071a,PNG,2092,1170,460686,gallery,high,SEO planning tables and content publishing sheets match PDF page 13 dual-engine SEO case.,recommended_assets/gtm_cityu_dual_seo__gallery__asset078__fafd6636fc.jpg
gtm_cityu_dual_seo,City University of HK - Dual-Engine SEO,[13],121,5d06d32ae8af4d9b689de8fe6b174df6858ce04d,images/5d06d32ae8af4d9b689de8fe6b174df6858ce04d,PNG,1660,846,143433,gallery,high,SEO planning tables and content publishing sheets match PDF page 13 dual-engine SEO case.,recommended_assets/gtm_cityu_dual_seo__gallery__asset121__5d06d32ae8.jpg
gtm_cityu_dual_seo,City University of HK - Dual-Engine SEO,[13],186,0437af0661c22ea04e00285c7873e38a1d94acf4,images/0437af0661c22ea04e00285c7873e38a1d94acf4,PNG,316,178,36487,gallery,high,SEO planning tables and content publishing sheets match PDF page 13 dual-engine SEO case.,recommended_assets/gtm_cityu_dual_seo__gallery__asset186__0437af0661.jpg
gtm_hyundai_china,Hyundai China - Five-Platform Integrated Campaign,[14],17,48f2d4aaebc4dfd18bb07b7a0b287872e5eb1dfd,images/48f2d4aaebc4dfd18bb07b7a0b287872e5eb1dfd,PNG,1290,2796,6942933,cover,high,Car social content screenshots and auto content collage match PDF page 14 Hyundai campaign.,recommended_assets/gtm_hyundai_china__cover__asset017__48f2d4aaeb.jpg
gtm_hyundai_china,Hyundai China - Five-Platform Integrated Campaign,[14],25,c4cb6d60bf1aaafc8a817797d29b641e2dcb5ecc,images/c4cb6d60bf1aaafc8a817797d29b641e2dcb5ecc,PNG,1290,2796,3349644,gallery,high,Car social content screenshots and auto content collage match PDF page 14 Hyundai campaign.,recommended_assets/gtm_hyundai_china__gallery__asset025__c4cb6d60bf.jpg
gtm_hyundai_china,Hyundai China - Five-Platform Integrated Campaign,[14],85,45729db99c226679d4bfd455ce9909b20ded43fb,images/45729db99c226679d4bfd455ce9909b20ded43fb,PNG,552,432,390202,gallery,high,Car social content screenshots and auto content collage match PDF page 14 Hyundai campaign.,recommended_assets/gtm_hyundai_china__gallery__asset085__45729db99c.jpg
gtm_hyundai_china,Hyundai China - Five-Platform Integrated Campaign,[14],134,827401a037196626d4f009127e3182b2fddf0ae7,images/827401a037196626d4f009127e3182b2fddf0ae7,PNG,276,216,121880,gallery,high,Car social content screenshots and auto content collage match PDF page 14 Hyundai campaign.,recommended_assets/gtm_hyundai_china__gallery__asset134__827401a037.jpg
gtm_hyundai_china,Hyundai China - Five-Platform Integrated Campaign,[14],165,6c2d3f75b3047a270edbdd2a2002ad668e382a51,images/6c2d3f75b3047a270edbdd2a2002ad668e382a51,PNG,336,240,82706,gallery,high,Car social content screenshots and auto content collage match PDF page 14 Hyundai campaign.,recommended_assets/gtm_hyundai_china__gallery__asset165__6c2d3f75b3.jpg
product_john_lobb_wechat_store,John Lobb - 0-to-1 WeChat Flagship Store,"[16, 17, 18]",21,05459ac06b01463fc15a07085b5e805d96ff7309,images/05459ac06b01463fc15a07085b5e805d96ff7309,PNG,2752,1536,5874177,cover,high,"WeChat mini-program flow, product pages, and shoe detail images match PDF pages 16-18 John Lobb store.",recommended_assets/product_john_lobb_wechat_store__cover__asset021__05459ac06b.jpg
product_john_lobb_wechat_store,John Lobb - 0-to-1 WeChat Flagship Store,"[16, 17, 18]",96,be738f17f262afd4bbe0a0e217f21ef116578c6d,images/be738f17f262afd4bbe0a0e217f21ef116578c6d,JPEG,1080,810,246043,gallery,high,"WeChat mini-program flow, product pages, and shoe detail images match PDF pages 16-18 John Lobb store.",recommended_assets/product_john_lobb_wechat_store__gallery__asset096__be738f17f2.jpg
product_john_lobb_wechat_store,John Lobb - 0-to-1 WeChat Flagship Store,"[16, 17, 18]",158,9967ade378ca7ea596d9677f266f5d3d8c190f26,images/9967ade378ca7ea596d9677f266f5d3d8c190f26,JPEG,750,3164,93945,gallery,high,"WeChat mini-program flow, product pages, and shoe detail images match PDF pages 16-18 John Lobb store.",recommended_assets/product_john_lobb_wechat_store__gallery__asset158__9967ade378.jpg
product_john_lobb_wechat_store,John Lobb - 0-to-1 WeChat Flagship Store,"[16, 17, 18]",175,9f05909b11922aac5df4b607cf2f1bc25d7327a9,images/9f05909b11922aac5df4b607cf2f1bc25d7327a9,JPEG,750,1739,58465,gallery,high,"WeChat mini-program flow, product pages, and shoe detail images match PDF pages 16-18 John Lobb store.",recommended_assets/product_john_lobb_wechat_store__gallery__asset175__9f05909b11.jpg
product_john_lobb_wechat_store,John Lobb - 0-to-1 WeChat Flagship Store,"[16, 17, 18]",184,f7ffb2bb51213a0f47eb70fcb4d3df4e83ef2429,images/f7ffb2bb51213a0f47eb70fcb4d3df4e83ef2429,JPEG,750,1623,39063,gallery,high,"WeChat mini-program flow, product pages, and shoe detail images match PDF pages 16-18 John Lobb store.",recommended_assets/product_john_lobb_wechat_store__gallery__asset184__f7ffb2bb51.jpg
product_john_lobb_wechat_store,John Lobb - 0-to-1 WeChat Flagship Store,"[16, 17, 18]",187,c3dd6770a8bcdbe2ebd310426867ad0ae29015cb,images/c3dd6770a8bcdbe2ebd310426867ad0ae29015cb,JPEG,750,1623,35737,gallery,high,"WeChat mini-program flow, product pages, and shoe detail images match PDF pages 16-18 John Lobb store.",recommended_assets/product_john_lobb_wechat_store__gallery__asset187__c3dd6770a8.jpg
product_john_lobb_wechat_store,John Lobb - 0-to-1 WeChat Flagship Store,"[16, 17, 18]",188,6db472b37ef7f747b5e63746179558ae98cc4b9e,images/6db472b37ef7f747b5e63746179558ae98cc4b9e,PNG,480,116,35123,gallery,high,"WeChat mini-program flow, product pages, and shoe detail images match PDF pages 16-18 John Lobb store.",recommended_assets/product_john_lobb_wechat_store__gallery__asset188__6db472b37e.jpg
product_john_lobb_wechat_store,John Lobb - 0-to-1 WeChat Flagship Store,"[16, 17, 18]",191,06961293622115b1cf81aed483d75f52898b15f2,images/06961293622115b1cf81aed483d75f52898b15f2,JPEG,94,396,26332,gallery,high,"WeChat mini-program flow, product pages, and shoe detail images match PDF pages 16-18 John Lobb store.",recommended_assets/product_john_lobb_wechat_store__gallery__asset191__0696129362.jpg
product_john_lobb_wechat_store,John Lobb - 0-to-1 WeChat Flagship Store,"[16, 17, 18]",192,8a8bdec0f43e87a91ec001e989475af112cd3c89,images/8a8bdec0f43e87a91ec001e989475af112cd3c89,JPEG,188,435,25888,gallery,high,"WeChat mini-program flow, product pages, and shoe detail images match PDF pages 16-18 John Lobb store.",recommended_assets/product_john_lobb_wechat_store__gallery__asset192__8a8bdec0f4.jpg
product_john_lobb_wechat_store,John Lobb - 0-to-1 WeChat Flagship Store,"[16, 17, 18]",198,ec70a6c8c47c655ad20db73a6ffe2c67bafc5054,images/ec70a6c8c47c655ad20db73a6ffe2c67bafc5054,JPEG,188,406,21154,gallery,high,"WeChat mini-program flow, product pages, and shoe detail images match PDF pages 16-18 John Lobb store.",recommended_assets/product_john_lobb_wechat_store__gallery__asset198__ec70a6c8c4.jpg
product_john_lobb_wechat_store,John Lobb - 0-to-1 WeChat Flagship Store,"[16, 17, 18]",199,cdc35c250aca7ee8c975e9a3f6a25ea853975391,images/cdc35c250aca7ee8c975e9a3f6a25ea853975391,JPEG,188,406,20845,gallery,high,"WeChat mini-program flow, product pages, and shoe detail images match PDF pages 16-18 John Lobb store.",recommended_assets/product_john_lobb_wechat_store__gallery__asset199__cdc35c250a.jpg
product_john_lobb_wechat_store,John Lobb - 0-to-1 WeChat Flagship Store,"[16, 17, 18]",94,dffb6a75eb4c7db824f0a0c531e2b5e359870a7b,images/dffb6a75eb4c7db824f0a0c531e2b5e359870a7b,PNG,1920,462,283926,secondary,medium,"WeChat mini-program flow, product pages, and shoe detail images match PDF pages 16-18 John Lobb store.",recommended_assets/product_john_lobb_wechat_store__secondary__asset094__dffb6a75eb.jpg
product_john_lobb_wechat_store,John Lobb - 0-to-1 WeChat Flagship Store,"[16, 17, 18]",110,3f919151ce506671c161722a4d40dfea7821f104,images/3f919151ce506671c161722a4d40dfea7821f104,JPEG,392,490,181307,secondary,medium,"WeChat mini-program flow, product pages, and shoe detail images match PDF pages 16-18 John Lobb store.",recommended_assets/product_john_lobb_wechat_store__secondary__asset110__3f919151ce.jpg
product_baccarat_cro_campaign,Baccarat - UX Optimization & Seasonal Campaign Growth,"[19, 20, 21]",50,535c80dd3b0c1f71ba5ab52074537595ae0cae73,images/535c80dd3b0c1f71ba5ab52074537595ae0cae73,PNG,1875,1470,1286156,cover,high,"Gift campaign, CNY/Xmas package pages, and UX optimization docs match PDF pages 19-21 Baccarat case.",recommended_assets/product_baccarat_cro_campaign__cover__asset050__535c80dd3b.jpg
product_baccarat_cro_campaign,Baccarat - UX Optimization & Seasonal Campaign Growth,"[19, 20, 21]",54,459da74f726b149764fbe159df82fb515026a595,images/459da74f726b149764fbe159df82fb515026a595,PNG,750,1796,1086371,gallery,high,"Gift campaign, CNY/Xmas package pages, and UX optimization docs match PDF pages 19-21 Baccarat case.",recommended_assets/product_baccarat_cro_campaign__gallery__asset054__459da74f72.jpg
product_baccarat_cro_campaign,Baccarat - UX Optimization & Seasonal Campaign Growth,"[19, 20, 21]",56,2933ce79121fb26bb2e6d9a05f4876dda67db713,images/2933ce79121fb26bb2e6d9a05f4876dda67db713,PNG,2084,1172,1067250,gallery,high,"Gift campaign, CNY/Xmas package pages, and UX optimization docs match PDF pages 19-21 Baccarat case.",recommended_assets/product_baccarat_cro_campaign__gallery__asset056__2933ce7912.jpg
product_baccarat_cro_campaign,Baccarat - UX Optimization & Seasonal Campaign Growth,"[19, 20, 21]",65,be6a8b47aefdca9e5ee6daa15fa7a50420cf54d6,images/be6a8b47aefdca9e5ee6daa15fa7a50420cf54d6,PNG,750,1796,881972,gallery,high,"Gift campaign, CNY/Xmas package pages, and UX optimization docs match PDF pages 19-21 Baccarat case.",recommended_assets/product_baccarat_cro_campaign__gallery__asset065__be6a8b47ae.jpg
product_baccarat_cro_campaign,Baccarat - UX Optimization & Seasonal Campaign Growth,"[19, 20, 21]",74,669c82855c5ad357ce77fa3a44f0164ac2862080,images/669c82855c5ad357ce77fa3a44f0164ac2862080,PNG,2132,1206,597638,gallery,high,"Gift campaign, CNY/Xmas package pages, and UX optimization docs match PDF pages 19-21 Baccarat case.",recommended_assets/product_baccarat_cro_campaign__gallery__asset074__669c82855c.jpg
product_baccarat_cro_campaign,Baccarat - UX Optimization & Seasonal Campaign Growth,"[19, 20, 21]",75,f7b7a85c0bf8240e825969f3517ae449dfc99eb6,images/f7b7a85c0bf8240e825969f3517ae449dfc99eb6,PNG,2078,1176,498634,gallery,high,"Gift campaign, CNY/Xmas package pages, and UX optimization docs match PDF pages 19-21 Baccarat case.",recommended_assets/product_baccarat_cro_campaign__gallery__asset075__f7b7a85c0b.jpg
product_baccarat_cro_campaign,Baccarat - UX Optimization & Seasonal Campaign Growth,"[19, 20, 21]",88,b751e0589da900aecd4b7a2c0cdb74b0050d3015,images/b751e0589da900aecd4b7a2c0cdb74b0050d3015,PNG,2082,1172,358758,gallery,high,"Gift campaign, CNY/Xmas package pages, and UX optimization docs match PDF pages 19-21 Baccarat case.",recommended_assets/product_baccarat_cro_campaign__gallery__asset088__b751e0589d.jpg
product_baccarat_cro_campaign,Baccarat - UX Optimization & Seasonal Campaign Growth,"[19, 20, 21]",92,2c81c73901cb0ba77a4f08e98ed05551c3cbaefe,images/2c81c73901cb0ba77a4f08e98ed05551c3cbaefe,JPEG,1775,1315,322263,gallery,high,"Gift campaign, CNY/Xmas package pages, and UX optimization docs match PDF pages 19-21 Baccarat case.",recommended_assets/product_baccarat_cro_campaign__gallery__asset092__2c81c73901.jpg
product_baccarat_cro_campaign,Baccarat - UX Optimization & Seasonal Campaign Growth,"[19, 20, 21]",106,245f24a7ba19c72d6008b917feac1e580dcc5dcb,images/245f24a7ba19c72d6008b917feac1e580dcc5dcb,PNG,469,368,198419,gallery,high,"Gift campaign, CNY/Xmas package pages, and UX optimization docs match PDF pages 19-21 Baccarat case.",recommended_assets/product_baccarat_cro_campaign__gallery__asset106__245f24a7ba.jpg
product_baccarat_cro_campaign,Baccarat - UX Optimization & Seasonal Campaign Growth,"[19, 20, 21]",144,73339c290c5c64214d7d802cc24c6fde9f7b757f,images/73339c290c5c64214d7d802cc24c6fde9f7b757f,JPEG,444,329,111290,gallery,high,"Gift campaign, CNY/Xmas package pages, and UX optimization docs match PDF pages 19-21 Baccarat case.",recommended_assets/product_baccarat_cro_campaign__gallery__asset144__73339c290c.jpg
product_baccarat_cro_campaign,Baccarat - UX Optimization & Seasonal Campaign Growth,"[19, 20, 21]",147,806067f324fa51d500627e1ab2ae3c4523768a1f,images/806067f324fa51d500627e1ab2ae3c4523768a1f,PNG,188,449,110097,gallery,high,"Gift campaign, CNY/Xmas package pages, and UX optimization docs match PDF pages 19-21 Baccarat case.",recommended_assets/product_baccarat_cro_campaign__gallery__asset147__806067f324.jpg
product_baccarat_cro_campaign,Baccarat - UX Optimization & Seasonal Campaign Growth,"[19, 20, 21]",162,a306d22f14da4714a3b14bc89c4025fb08553af3,images/a306d22f14da4714a3b14bc89c4025fb08553af3,PNG,188,449,88813,gallery,high,"Gift campaign, CNY/Xmas package pages, and UX optimization docs match PDF pages 19-21 Baccarat case.",recommended_assets/product_baccarat_cro_campaign__gallery__asset162__a306d22f14.jpg
product_baccarat_cro_campaign,Baccarat - UX Optimization & Seasonal Campaign Growth,"[19, 20, 21]",185,ff5c505e481e13e1324f295b6122eb801662441e,images/ff5c505e481e13e1324f295b6122eb801662441e,PNG,261,147,37711,gallery,high,"Gift campaign, CNY/Xmas package pages, and UX optimization docs match PDF pages 19-21 Baccarat case.",recommended_assets/product_baccarat_cro_campaign__gallery__asset185__ff5c505e48.jpg
product_baccarat_cro_campaign,Baccarat - UX Optimization & Seasonal Campaign Growth,"[19, 20, 21]",190,fc0e4318ddc63fa4f61c244654dcf49972670fd3,images/fc0e4318ddc63fa4f61c244654dcf49972670fd3,PNG,267,151,26916,gallery,high,"Gift campaign, CNY/Xmas package pages, and UX optimization docs match PDF pages 19-21 Baccarat case.",recommended_assets/product_baccarat_cro_campaign__gallery__asset190__fc0e4318dd.jpg
product_baccarat_cro_campaign,Baccarat - UX Optimization & Seasonal Campaign Growth,"[19, 20, 21]",194,12f218ba2378224ed155cef99f1ad8dbf7642e25,images/12f218ba2378224ed155cef99f1ad8dbf7642e25,PNG,262,147,22867,gallery,high,"Gift campaign, CNY/Xmas package pages, and UX optimization docs match PDF pages 19-21 Baccarat case.",recommended_assets/product_baccarat_cro_campaign__gallery__asset194__12f218ba23.jpg
product_baccarat_cro_campaign,Baccarat - UX Optimization & Seasonal Campaign Growth,"[19, 20, 21]",195,d813a5c633de59c510b15b6acde4a31f908808b3,images/d813a5c633de59c510b15b6acde4a31f908808b3,PNG,267,151,22785,gallery,high,"Gift campaign, CNY/Xmas package pages, and UX optimization docs match PDF pages 19-21 Baccarat case.",recommended_assets/product_baccarat_cro_campaign__gallery__asset195__d813a5c633.jpg
product_baccarat_cro_campaign,Baccarat - UX Optimization & Seasonal Campaign Growth,"[19, 20, 21]",196,c8509c091749d800c53cc245530799ad26f0682f,images/c8509c091749d800c53cc245530799ad26f0682f,PNG,260,147,21623,gallery,high,"Gift campaign, CNY/Xmas package pages, and UX optimization docs match PDF pages 19-21 Baccarat case.",recommended_assets/product_baccarat_cro_campaign__gallery__asset196__c8509c0917.jpg
product_baccarat_cro_campaign,Baccarat - UX Optimization & Seasonal Campaign Growth,"[19, 20, 21]",201,229a8e89b8ae53bd0adf82f5941969d9d4c8e38f,images/229a8e89b8ae53bd0adf82f5941969d9d4c8e38f,PNG,261,147,18543,gallery,high,"Gift campaign, CNY/Xmas package pages, and UX optimization docs match PDF pages 19-21 Baccarat case.",recommended_assets/product_baccarat_cro_campaign__gallery__asset201__229a8e89b8.jpg
product_curio_eye_saas,Curio Eye - Fashion Intelligence SaaS Commercialization,"[22, 23, 24]",18,80703335d1ecd9d8e63f4ed73b5fd4c35cd17e50,images/80703335d1ecd9d8e63f4ed73b5fd4c35cd17e50,PNG,4096,3346,6644089,cover,high,Fashion intelligence dashboard screenshots match PDF pages 22-24 Curio Eye SaaS case.,recommended_assets/product_curio_eye_saas__cover__asset018__80703335d1.jpg
product_curio_eye_saas,Curio Eye - Fashion Intelligence SaaS Commercialization,"[22, 23, 24]",40,91faee1f106f390a8d51fe0d2421bd029cdeaa22,images/91faee1f106f390a8d51fe0d2421bd029cdeaa22,PNG,4042,3442,1582812,gallery,high,Fashion intelligence dashboard screenshots match PDF pages 22-24 Curio Eye SaaS case.,recommended_assets/product_curio_eye_saas__gallery__asset040__91faee1f10.jpg
product_curio_eye_saas,Curio Eye - Fashion Intelligence SaaS Commercialization,"[22, 23, 24]",44,87274f82607fd69f65d5a11c571110035fb8c1c6,images/87274f82607fd69f65d5a11c571110035fb8c1c6,PNG,4096,2480,1413916,gallery,high,Fashion intelligence dashboard screenshots match PDF pages 22-24 Curio Eye SaaS case.,recommended_assets/product_curio_eye_saas__gallery__asset044__87274f8260.jpg
product_curio_eye_saas,Curio Eye - Fashion Intelligence SaaS Commercialization,"[22, 23, 24]",107,17c64fe916f035f9fb0f08e0d75f2a55629e431a,images/17c64fe916f035f9fb0f08e0d75f2a55629e431a,PNG,512,419,196732,gallery,high,Fashion intelligence dashboard screenshots match PDF pages 22-24 Curio Eye SaaS case.,recommended_assets/product_curio_eye_saas__gallery__asset107__17c64fe916.jpg
product_curio_eye_saas,Curio Eye - Fashion Intelligence SaaS Commercialization,"[22, 23, 24]",167,e64d08e2c3142696f463103275508a45050135cb,images/e64d08e2c3142696f463103275508a45050135cb,PNG,506,431,75632,gallery,high,Fashion intelligence dashboard screenshots match PDF pages 22-24 Curio Eye SaaS case.,recommended_assets/product_curio_eye_saas__gallery__asset167__e64d08e2c3.jpg
product_curio_eye_saas,Curio Eye - Fashion Intelligence SaaS Commercialization,"[22, 23, 24]",180,0d7b64bf10448e8e51bb32862f132a15d23393bb,images/0d7b64bf10448e8e51bb32862f132a15d23393bb,PNG,512,310,51436,gallery,high,Fashion intelligence dashboard screenshots match PDF pages 22-24 Curio Eye SaaS case.,recommended_assets/product_curio_eye_saas__gallery__asset180__0d7b64bf10.jpg
product_anton_brand_website,Anton Oil - Brand Website UI/UX Upgrade,[25],39,d34118451b75f57a545ff0e5011e868df0998c90,images/d34118451b75f57a545ff0e5011e868df0998c90,PNG,1778,1658,1596330,cover,high,Anton website screens and responsive page layouts match PDF page 25 website upgrade case.,recommended_assets/product_anton_brand_website__cover__asset039__d34118451b.jpg
product_anton_brand_website,Anton Oil - Brand Website UI/UX Upgrade,[25],37,b54d38528b48c3376af1ae69fc051b3204368249,images/b54d38528b48c3376af1ae69fc051b3204368249,PNG,1390,2816,1978557,gallery,high,Anton website screens and responsive page layouts match PDF page 25 website upgrade case.,recommended_assets/product_anton_brand_website__gallery__asset037__b54d38528b.jpg
product_anton_brand_website,Anton Oil - Brand Website UI/UX Upgrade,[25],64,bf0f7a8ee2fc11dc46294e141acf3415eb94b77b,images/bf0f7a8ee2fc11dc46294e141acf3415eb94b77b,JPEG,1733,1155,915595,gallery,high,Anton website screens and responsive page layouts match PDF page 25 website upgrade case.,recommended_assets/product_anton_brand_website__gallery__asset064__bf0f7a8ee2.jpg
product_anton_brand_website,Anton Oil - Brand Website UI/UX Upgrade,[25],111,87ab97f56c5d518f2d6ab56bfa4d4e2184c21a44,images/87ab97f56c5d518f2d6ab56bfa4d4e2184c21a44,PNG,445,415,176906,gallery,high,Anton website screens and responsive page layouts match PDF page 25 website upgrade case.,recommended_assets/product_anton_brand_website__gallery__asset111__87ab97f56c.jpg
product_anton_brand_website,Anton Oil - Brand Website UI/UX Upgrade,[25],176,e7901d54e5893ae4ef8e7221b642e6cc4572d06b,images/e7901d54e5893ae4ef8e7221b642e6cc4572d06b,PNG,174,352,58288,gallery,high,Anton website screens and responsive page layouts match PDF page 25 website upgrade case.,recommended_assets/product_anton_brand_website__gallery__asset176__e7901d54e5.jpg
product_anton_supplier_platform,Anton Oil - 0-to-1 Vibe-Coding and AI-Coded Build,"[26, 27, 28]",104,bda55ccbda8b0b087fe43c23198ea5fbaa84708b,images/bda55ccbda8b0b087fe43c23198ea5fbaa84708b,PNG,1920,947,204478,cover,high,Anton supplier registration screens and dashboard pages match PDF pages 26-28 vibe-coded platform.,recommended_assets/product_anton_supplier_platform__cover__asset104__bda55ccbda.jpg
product_anton_supplier_platform,Anton Oil - 0-to-1 Vibe-Coding and AI-Coded Build,"[26, 27, 28]",135,e4d869f9f67e943b1d577547fe28745eb89cea79,images/e4d869f9f67e943b1d577547fe28745eb89cea79,PNG,1303,783,121726,gallery,high,Anton supplier registration screens and dashboard pages match PDF pages 26-28 vibe-coded platform.,recommended_assets/product_anton_supplier_platform__gallery__asset135__e4d869f9f6.jpg
product_anton_supplier_platform,Anton Oil - 0-to-1 Vibe-Coding and AI-Coded Build,"[26, 27, 28]",164,4fe50b44447d62864a0f540e4b28efe441494fbd,images/4fe50b44447d62864a0f540e4b28efe441494fbd,PNG,319,227,82861,gallery,high,Anton supplier registration screens and dashboard pages match PDF pages 26-28 vibe-coded platform.,recommended_assets/product_anton_supplier_platform__gallery__asset164__4fe50b4444.jpg
product_anton_supplier_platform,Anton Oil - 0-to-1 Vibe-Coding and AI-Coded Build,"[26, 27, 28]",189,6fc979a09e5410fc00c9e40d701054cf282cbc1e,images/6fc979a09e5410fc00c9e40d701054cf282cbc1e,PNG,480,237,32880,gallery,high,Anton supplier registration screens and dashboard pages match PDF pages 26-28 vibe-coded platform.,recommended_assets/product_anton_supplier_platform__gallery__asset189__6fc979a09e.jpg
product_anton_supplier_platform,Anton Oil - 0-to-1 Vibe-Coding and AI-Coded Build,"[26, 27, 28]",197,214482525da20746c11debac36e462098d8a3240,images/214482525da20746c11debac36e462098d8a3240,PNG,326,196,21472,gallery,high,Anton supplier registration screens and dashboard pages match PDF pages 26-28 vibe-coded platform.,recommended_assets/product_anton_supplier_platform__gallery__asset197__214482525d.jpg
product_volvo_internal_platform,Volvo China - Internal Employee Engagement Platform,"[29, 30]",85,45729db99c226679d4bfd455ce9909b20ded43fb,images/45729db99c226679d4bfd455ce9909b20ded43fb,PNG,552,432,390202,cover,high,Volvo content grid and analytics visuals match PDF pages 29-30 internal platform case.,recommended_assets/product_volvo_internal_platform__cover__asset085__45729db99c.jpg
product_volvo_internal_platform,Volvo China - Internal Employee Engagement Platform,"[29, 30]",159,d8e821e4e331aba8edf3e6b76b7cd283023988bc,images/d8e821e4e331aba8edf3e6b76b7cd283023988bc,PNG,496,432,93751,gallery,high,Volvo content grid and analytics visuals match PDF pages 29-30 internal platform case.,recommended_assets/product_volvo_internal_platform__gallery__asset159__d8e821e4e3.jpg
product_volvo_internal_platform,Volvo China - Internal Employee Engagement Platform,"[29, 30]",145,9d15564a712cb71a21ac82924183c87edbabe21f,images/9d15564a712cb71a21ac82924183c87edbabe21f,PNG,336,204,110336,gallery,high,Volvo content grid and analytics visuals match PDF pages 29-30 internal platform case.,recommended_assets/product_volvo_internal_platform__gallery__asset145__9d15564a71.jpg
product_volvo_internal_platform,Volvo China - Internal Employee Engagement Platform,"[29, 30]",165,6c2d3f75b3047a270edbdd2a2002ad668e382a51,images/6c2d3f75b3047a270edbdd2a2002ad668e382a51,PNG,336,240,82706,gallery,high,Volvo content grid and analytics visuals match PDF pages 29-30 internal platform case.,recommended_assets/product_volvo_internal_platform__gallery__asset165__6c2d3f75b3.jpg
